,LSTM ModelAAPL,Actual DirectionAAPL,LSTM ModelNVDA,Actual DirectionNVDA,LSTM ModelMSFT,Actual DirectionMSFT,LSTM ModelTSLA,Actual DirectionTSLA,LSTM ModelTSLA,Actual DirectionTSLA,LSTM ModelAMZN,Actual DirectionAMZN
Return [%],42.39310614270021,23.068038934799276,285.94542272657776,144.68030795501713,18.113822856872574,26.83089853198237,35.800588101425205,78.94198952992248,35.800588101425205,78.94198952992248,65.02458762188722,78.23645661679079
Max Drawdown [%],-3.648930014437013,-18.087471138304203,-27.870967704318183,-33.3553517002238,-14.137576729232727,-17.623005217447542,-34.38902446023725,-29.074615028885987,-34.38902446023725,-29.074615028885987,-12.605018654637767,-11.857812676183176
# Trades,5.0,9.0,8.0,9.0,22.0,7.0,9.0,8.0,9.0,8.0,6.0,6.0
Win Rate [%],100.0,44.44444444444444,75.0,44.44444444444444,50.0,42.857142857142854,33.33333333333333,37.5,33.33333333333333,37.5,66.66666666666666,100.0
Profit Factor,,2.284926392840258,11.12627947200009,3.8735154389914346,1.8101319311897788,2.6639293969965325,1.9534548198281836,2.9440897325035396,1.9534548198281836,2.9440897325035396,14.3161149353367,
Avg. Trade [%],7.543130784184204,2.617233443174105,17.04874037768185,10.675718353186436,0.9633652606406029,3.6620977181421654,3.65943316352475,7.760422640827547,3.65943316352475,7.760422640827547,8.928985561173075,10.337323283698584
Sharpe Ratio,1.7135216178721884,0.6029663673336537,0.952894878869039,0.8729859082681618,0.5087407197025449,0.6376287245117107,0.3635100466558418,0.6107037659567821,0.3635100466558418,0.6107037659567821,0.918988014576636,1.0452961500152893
Buy & Hold Return [%],63.30604021658639,63.30604021658639,429.3418000184701,429.3418000184701,59.390097035537124,59.390097035537124,39.04917209952642,39.04917209952642,39.04917209952642,39.04917209952642,126.47283241836331,126.47283241836331
